"","run","enzyme.names","enzyme.forward","enzyme.reverse","enzyme.forward2","enzyme.reverse2","fragments_all","fragments_250_350","fragments_250_400","fragments_300_400","fragments_350_450","fragments_250_340","fragments_250_330","fragments_250_320","fragments_250_300","fragments_200_250","fragments_200_260","fragments_200_280","class","ref"
"1",1,"sbf1","CCTGCA","GG","","",5040,20,36,26,14,16,14,10,8,40,40,44,"bivalvia","Pinctada imbricata"
"2",2,"ecor1","G","AATTC","","",277038,10700,14896,10734,7868,9782,7658,6446,4088,4280,5132,6804,"bivalvia","Pinctada imbricata"
"3",3,"sph1","GCATG","C","","",139022,2566,3702,2488,2192,2324,2082,1694,1186,1552,1800,2310,"bivalvia","Pinctada imbricata"
"4",4,"pst1","CTGCA","G","","",106106,1450,2264,1548,1506,1290,1124,984,698,888,1062,1302,"bivalvia","Pinctada imbricata"
"5",5,"apek1","G","CAGC","G","CTGC",597774,33804,49692,32692,30452,30548,27320,24006,16662,17976,21302,27406,"bivalvia","Pinctada imbricata"
"6",6,"msp1","C","CGG","","",801712,58452,81680,50752,44126,53718,47766,40420,30504,29294,38904,49440,"bivalvia","Pinctada imbricata"
"7",7,"mse1","T","TAA","","",6873652,444912,567938,302828,205628,414704,380324,342390,260172,377526,437566,549024,"bivalvia","Pinctada imbricata"
"8",8,"sbf1-sph1","CCTGCA","GG","GCATG","C",144062,2680,3892,2616,2306,2428,2174,1770,1244,1648,1902,2434,"bivalvia","Pinctada imbricata"
"9",9,"sbf1-msp1","CCTGCA","GG","C","CGG",806752,58886,82294,51126,44434,54118,48126,40744,30738,29534,39198,49816,"bivalvia","Pinctada imbricata"
"10",10,"pst1-msp1","CTGCA","G","C","CGG",907818,69194,97814,61384,53562,63404,56400,48054,35898,35022,45846,58478,"bivalvia","Pinctada imbricata"
"11",11,"ecor1-sph1","G","AATTC","GCATG","C",416060,19686,28004,19424,15896,17872,14864,12636,8348,8724,10482,13886,"bivalvia","Pinctada imbricata"
"12",12,"ecor1-msp1","G","AATTC","C","CGG",1077426,91334,127398,80266,69354,83764,73852,63362,46418,45678,58898,76024,"bivalvia","Pinctada imbricata"
"13",1,"sbf1","CCTGCA","GG","","",4452,16,24,12,20,16,16,12,8,8,8,20,"bivalvia","Bathymodiolus platifrons"
"14",2,"ecor1","G","AATTC","","",325432,8376,11744,7468,6272,7616,6852,6188,4212,4656,6040,7544,"bivalvia","Bathymodiolus platifrons"
"15",3,"sph1","GCATG","C","","",174712,2472,3780,2440,2420,2280,2068,1788,1312,1544,1728,2416,"bivalvia","Bathymodiolus platifrons"
"16",4,"pst1","CTGCA","G","","",181228,6312,7672,5544,2588,5968,5452,5048,1996,1468,1900,2396,"bivalvia","Bathymodiolus platifrons"
"17",5,"apek1","G","CAGC","G","CTGC",873372,46192,65020,43124,36244,42476,37968,30644,21460,25516,29512,39380,"bivalvia","Bathymodiolus platifrons"
"18",6,"msp1","C","CGG","","",1417148,84344,122548,79212,70460,76112,67904,59436,42488,45640,55012,72688,"bivalvia","Bathymodiolus platifrons"
"19",7,"mse1","T","TAA","","",13180016,640372,808076,415836,276960,598096,551492,500580,385928,590700,683328,849348,"bivalvia","Bathymodiolus platifrons"
"20",8,"sbf1-sph1","CCTGCA","GG","GCATG","C",179164,2584,3968,2556,2536,2384,2172,1888,1384,1584,1780,2512,"bivalvia","Bathymodiolus platifrons"
"21",9,"sbf1-msp1","CCTGCA","GG","C","CGG",1421600,84712,123084,79600,70840,76468,68232,59708,42636,45928,55312,73072,"bivalvia","Bathymodiolus platifrons"
"22",10,"pst1-msp1","CTGCA","G","C","CGG",1598376,107608,153988,97628,86104,97468,87432,77084,55300,56304,68284,92156,"bivalvia","Bathymodiolus platifrons"
"23",11,"ecor1-sph1","G","AATTC","GCATG","C",500144,16856,24208,15656,13964,15320,13692,12144,8420,9092,11376,14576,"bivalvia","Bathymodiolus platifrons"
"24",12,"ecor1-msp1","G","AATTC","C","CGG",1740252,119028,172220,110308,99424,107368,96044,84508,60784,65644,79360,104704,"bivalvia","Bathymodiolus platifrons"
"25",1,"sbf1","CCTGCA","GG","","",3065,5,8,4,3,4,4,4,3,0,1,4,"bivalvia","Crassostrea gigas"
"26",2,"ecor1","G","AATTC","","",157993,4680,6899,4427,4325,4267,3785,3347,2406,2440,2931,3970,"bivalvia","Crassostrea gigas"
"27",3,"sph1","GCATG","C","","",83620,1608,2273,1543,1289,1445,1163,1010,715,705,839,1117,"bivalvia","Crassostrea gigas"
"28",4,"pst1","CTGCA","G","","",80965,1595,2240,1395,1311,1439,1274,1127,827,780,935,1278,"bivalvia","Crassostrea gigas"
"29",5,"apek1","G","CAGC","G","CTGC",347802,19595,28486,18106,17192,17824,15944,14074,10163,10743,12839,17020,"bivalvia","Crassostrea gigas"
"30",6,"msp1","C","CGG","","",414777,25254,35713,22445,20782,23066,20502,17990,12985,13302,15809,20992,"bivalvia","Crassostrea gigas"
"31",7,"mse1","T","TAA","","",5488809,212738,265229,132928,83366,199375,184493,168102,130173,219457,251579,307392,"bivalvia","Crassostrea gigas"
"32",8,"sbf1-sph1","CCTGCA","GG","GCATG","C",86685,1698,2402,1621,1371,1528,1230,1068,766,750,896,1203,"bivalvia","Crassostrea gigas"
"33",9,"sbf1-msp1","CCTGCA","GG","C","CGG",417842,25584,36215,22779,21072,23371,20778,18235,13152,13473,16018,21274,"bivalvia","Crassostrea gigas"
"34",10,"pst1-msp1","CTGCA","G","C","CGG",495742,33128,47296,30001,27873,30180,26835,23507,16927,18102,21435,28223,"bivalvia","Crassostrea gigas"
"35",11,"ecor1-sph1","G","AATTC","GCATG","C",241613,10538,15385,9811,9497,9560,8477,7476,5462,5349,6463,8832,"bivalvia","Crassostrea gigas"
"36",12,"ecor1-msp1","G","AATTC","C","CGG",572173,43006,61185,38669,35375,39136,34867,30684,22040,22824,27072,36015,"bivalvia","Crassostrea gigas"
"37",1,"sbf1","CCTGCA","GG","","",3000,-100,-100,-100,-100,-100,-100,-100,-100,-100,-100,-100,"bivalvia","simI"
"38",2,"ecor1","G","AATTC","","",344600,9300,14900,9800,10100,8500,8000,7000,5000,4200,4900,7600,"bivalvia","simI"
"39",3,"sph1","GCATG","C","","",103500,500,1200,900,700,500,500,400,200,400,400,400,"bivalvia","simI"
"40",4,"pst1","CTGCA","G","","",101800,800,1200,800,800,700,600,500,300,800,800,900,"bivalvia","simI"
"41",5,"apek1","G","CAGC","G","CTGC",631300,32200,48200,32500,30700,28500,25400,22200,15300,16700,19800,26000,"bivalvia","simI"
"42",6,"msp1","C","CGG","","",974600,69800,104300,69300,65700,62600,53400,46900,34400,35800,42800,57500,"bivalvia","simI"
"43",7,"mse1","T","TAA","","",10892100,442500,535200,250300,143900,414300,385300,357300,281100,495500,569100,688400,"bivalvia","simI"
"44",8,"sbf1-sph1","CCTGCA","GG","GCATG","C",106500,500,1200,900,800,500,500,400,200,400,400,400,"bivalvia","simI"
"45",9,"sbf1-msp1","CCTGCA","GG","C","CGG",977600,70300,105000,69900,66100,63000,53800,47300,34500,36300,43400,58100,"bivalvia","simI"
"46",10,"pst1-msp1","CTGCA","G","C","CGG",1076400,83700,126100,83100,79000,75700,65900,57900,42300,43100,51700,69400,"bivalvia","simI"
"47",11,"ecor1-sph1","G","AATTC","GCATG","C",448100,15300,24600,16200,16200,14300,13400,11600,8300,8000,9500,13600,"bivalvia","simI"
"48",12,"ecor1-msp1","G","AATTC","C","CGG",1317800,117000,174600,113400,105100,106500,93800,83100,60300,58500,71100,97600,"bivalvia","simI"
"49",1,"sbf1","CCTGCA","GG","","",12400,-100,-100,-100,-100,-100,-100,-100,-100,-100,-100,-100,"bivalvia","simII"
"50",2,"ecor1","G","AATTC","","",1704900,50000,76400,52300,49400,44900,39800,34700,23600,26200,31300,40400,"bivalvia","simII"
"51",3,"sph1","GCATG","C","","",461700,3600,6100,4000,4600,3300,2900,2700,2000,1500,2000,3000,"bivalvia","simII"
"52",4,"pst1","CTGCA","G","","",438800,3800,5300,2900,3400,3500,3000,2800,2200,1900,2200,3100,"bivalvia","simII"
"53",5,"apek1","G","CAGC","G","CTGC",2784200,125700,185300,121900,117100,112000,100600,87500,61700,61800,75800,99500,"bivalvia","simII"
"54",6,"msp1","C","CGG","","",4278600,278200,405500,263300,250400,251400,223200,196700,138900,146900,176000,236500,"bivalvia","simII"
"55",7,"mse1","T","TAA","","",58502600,1990500,2379700,1094400,590800,1879100,1758300,1614900,1264800,2387700,2720200,3259800,"bivalvia","simII"
"56",8,"sbf1-sph1","CCTGCA","GG","GCATG","C",474100,3700,6200,4100,4800,3400,3000,2800,2000,1600,2100,3100,"bivalvia","simII"
"57",9,"sbf1-msp1","CCTGCA","GG","C","CGG",4291000,279300,407500,264900,251500,252300,224000,197300,139300,147600,176700,237500,"bivalvia","simII"
"58",10,"pst1-msp1","CTGCA","G","C","CGG",4717400,333000,482900,310800,294400,301400,268300,236300,168100,177300,212000,284200,"bivalvia","simII"
"59",11,"ecor1-sph1","G","AATTC","GCATG","C",2166600,80800,123400,82100,79500,72600,64900,57300,40700,40500,48700,64900,"bivalvia","simII"
"60",12,"ecor1-msp1","G","AATTC","C","CGG",5975600,492300,717200,460500,432500,447100,398400,351300,251600,265600,321200,425300,"bivalvia","simII"
